Ref,Val,Package,PosX,PosY,Rot,Side
"C12","1u","C_0805_2012Metric",134.964250,-47.250002,0.000000,bottom
"C13","100p","C_0805_2012Metric",141.901751,-105.050002,180.000000,bottom
"C14","100p","C_0805_2012Metric",145.501751,-102.950002,0.000000,bottom
"C15","100p","C_0805_2012Metric",143.064347,-118.625001,0.000000,bottom
"C16","100p","C_0805_2012Metric",124.716049,-95.745001,180.000000,bottom
"C17","1u","C_0805_2012Metric",136.778550,-63.725001,0.000000,bottom
"C18","100n","C_0805_2012Metric",135.178550,-114.425001,0.000000,bottom
"C19","100n","C_0805_2012Metric",146.464250,-110.550002,-90.000000,bottom
"C20","100n","C_0805_2012Metric",137.878550,-81.325001,-90.000000,bottom
"C21","100n","C_0805_2012Metric",130.878550,-90.150002,0.000000,bottom
"D14","1N4148","D_SOD-323_HandSoldering",136.778550,-61.525001,180.000000,bottom
"D15","1N4148","D_SOD-323_HandSoldering",134.964250,-49.450002,0.000000,bottom
"D16","1N4148","D_SOD-323_HandSoldering",144.664250,-69.700003,90.000000,bottom
"D17","1N4148","D_SOD-323_HandSoldering",147.478550,-73.625001,-90.000000,bottom
"D18","1N4148","D_SOD-323_HandSoldering",146.878550,-77.705001,-90.000000,bottom
"D19","1N4148","D_SOD-323_HandSoldering",146.878550,-81.805001,-90.000000,bottom
"D20","1N4148","D_SOD-323_HandSoldering",143.478550,-89.625001,90.000000,bottom
"D21","1N4148","D_SOD-323_HandSoldering",145.478550,-89.625001,-90.000000,bottom
"D22","1N4148","D_SOD-323_HandSoldering",130.478550,-81.350002,90.000000,bottom
"D23","1N4148","D_SOD-323_HandSoldering",128.378550,-81.350002,-90.000000,bottom
"D24","1N4148","D_SOD-323_HandSoldering",125.000000,-89.450002,180.000000,bottom
"D25","1N4148","D_SOD-323_HandSoldering",125.000000,-85.350002,0.000000,bottom
"D26","1N4148","D_SOD-323_HandSoldering",124.764250,-83.250002,180.000000,bottom
"D27","1N4148","D_SOD-323_HandSoldering",124.764250,-79.150002,0.000000,bottom
"D28","1N4148","D_SOD-323_HandSoldering",124.764250,-75.050003,180.000000,bottom
"D29","1N4148","D_SOD-323_HandSoldering",124.764250,-72.950003,0.000000,bottom
"Q1","BC857","SOT-23",135.342849,-94.900000,-90.000000,bottom
"Q2","BC847","SOT-23",130.578550,-59.225001,0.000000,bottom
"R7","10k","R_0805_2012Metric",141.478550,-73.925001,-90.000000,bottom
"R8","10k","R_0805_2012Metric",143.478550,-73.925001,-90.000000,bottom
"R9","10k","R_0805_2012Metric",145.478550,-73.925001,-90.000000,bottom
"R10","10k","R_0805_2012Metric",145.478550,-85.825001,-90.000000,bottom
"R11","10k","R_0805_2012Metric",143.478550,-85.825001,-90.000000,bottom
"R12","10k","R_0805_2012Metric",141.478550,-85.637501,-90.000000,bottom
"R13","10k","R_0805_2012Metric",139.478550,-85.637501,90.000000,bottom
"R14","10k","R_0805_2012Metric",139.478550,-89.525001,-90.000000,bottom
"R15","10k","R_0805_2012Metric",141.478550,-89.525001,90.000000,bottom
"R16","10k","R_0805_2012Metric",147.478550,-69.725001,-90.000000,bottom
"R17","10k","R_0805_2012Metric",147.578550,-85.825001,90.000000,bottom
"R18","10k","R_0805_2012Metric",147.578550,-89.325001,-90.000000,bottom
"R19","10k","R_0805_2012Metric",133.464250,-81.350002,-90.000000,bottom
"R20","10k","R_0805_2012Metric",124.900000,-87.350002,180.000000,bottom
"R21","10k","R_0805_2012Metric",124.764250,-81.250002,180.000000,bottom
"R22","10k","R_0805_2012Metric",124.764250,-77.050002,180.000000,bottom
"R23","100k","R_0805_2012Metric",141.901751,-98.650002,180.000000,bottom
"R24","100k","R_0805_2012Metric",142.564250,-69.700003,-90.000000,bottom
"R25","100k","R_0805_2012Metric",145.501751,-100.850002,180.000000,bottom
"R26","100k","R_0805_2012Metric",141.901751,-96.550002,180.000000,bottom
"R27","100k","R_0805_2012Metric",145.501751,-98.650002,0.000000,bottom
"R28","100k","R_0805_2012Metric",124.766050,-91.495001,0.000000,bottom
"R29","100k","R_0805_2012Metric",145.501751,-96.550002,0.000000,bottom
"R30","100k","R_0805_2012Metric",141.901751,-102.959999,0.000000,bottom
"R31","100k","R_0805_2012Metric",141.901751,-100.850002,180.000000,bottom
"R32","1M5","R_0805_2012Metric",145.501751,-105.050002,180.000000,bottom
"R33","1k","R_0805_2012Metric",142.666050,-131.925001,0.000000,bottom
"R34","100k","R_0805_2012Metric",143.064250,-116.515148,180.000000,bottom
"R35","100k","R_0805_2012Metric",127.878550,-116.525001,180.000000,bottom
"R36","100k","R_0805_2012Metric",127.764250,-121.950002,180.000000,bottom
"R37","100k","R_0805_2012Metric",128.978550,-106.525001,180.000000,bottom
"R38","1k","R_0805_2012Metric",128.978550,-104.425001,180.000000,bottom
"R39","1k","R_0805_2012Metric",128.978550,-108.525001,180.000000,bottom
"R40","10k","R_0805_2012Metric",135.378550,-98.025001,180.000000,bottom
"R41","47k","R_0805_2012Metric",135.078550,-73.025001,0.000000,bottom
"R42","100k","R_0805_2012Metric",124.766050,-93.625001,0.000000,bottom
"R43","100k","R_0805_2012Metric",135.078550,-75.025001,0.000000,bottom
"R44","47k","R_0805_2012Metric",135.064250,-51.750002,0.000000,bottom
"R45","22k","R_0805_2012Metric",135.378550,-89.925001,180.000000,bottom
"R46","22k","R_0805_2012Metric",135.378550,-91.925001,180.000000,bottom
"R47","4k7","R_0805_2012Metric",142.703551,-129.750002,180.000000,bottom
"R48","100k","R_0805_2012Metric",130.578550,-63.425001,-90.000000,bottom
"R49","100k","R_0805_2012Metric",128.478550,-63.425001,-90.000000,bottom
"R50","10k","R_0805_2012Metric",126.378550,-63.425001,-90.000000,bottom
"U1","TL074","TSSOP-14_4.4x5mm_P0.65mm",142.978550,-79.825001,-90.000000,bottom
"U2","TL074","TSSOP-14_4.4x5mm_P0.65mm",131.014251,-86.250002,0.000000,bottom
"U3","TL074","TSSOP-14_4.4x5mm_P0.65mm",142.364250,-110.650002,-90.000000,bottom
"U4","LM13700","SOIC-16_3.9x9.9mm_P1.27mm",135.278550,-108.025001,180.000000,bottom
