"Reference","Qty","Value","Footprint"
"C12,C17","2","1u","Capacitor_SMD:C_0805_2012Metric"
"C13,C14,C15,C16","4","100p","Capacitor_SMD:C_0805_2012Metric"
"C18,C19,C20,C21","4","100n","Capacitor_SMD:C_0805_2012Metric"
"D1","1","LED_Dual_Bidirectional","LED_THT:LED_D5.0mm"
"D3","1","LED","LED_THT:LED_D3.0mm"
"D14,D15,D16,D17,D18,D19,D20,D21,D22,D23,D24,D25,D26,D27,D28,D29","16","1N4148","Diode_SMD:D_SOD-323_HandSoldering"
"J1","1","Conn_02x05_Odd_Even","Connector_IDC:IDC-Header_2x05_P2.54mm_Vertical"
"J17,J18,J19,J20","4","AudioJack2","Library:MonoTRS"
"Q1","1","BC857","Package_TO_SOT_SMD:SOT-23"
"Q2","1","BC847","Package_TO_SOT_SMD:SOT-23"
"R7,R8,R9,R10,R11,R12,R13,R14,R15,R16,R17,R18,R19,R20,R21,R22,R40,R50","18","10k","Resistor_SMD:R_0805_2012Metric"
"R23,R24,R25,R26,R27,R28,R29,R30,R31,R34,R35,R36,R37,R42,R43,R48,R49","17","100k","Resistor_SMD:R_0805_2012Metric"
"R32","1","1M5","Resistor_SMD:R_0805_2012Metric"
"R33,R38,R39","3","1k","Resistor_SMD:R_0805_2012Metric"
"R41,R44","2","47k","Resistor_SMD:R_0805_2012Metric"
"R45,R46","2","22k","Resistor_SMD:R_0805_2012Metric"
"R47","1","4k7","Resistor_SMD:R_0805_2012Metric"
"RV1,RV2,RV3","3","100k","Potentiometer_THT:Potentiometer_Alpha_RD901F-40-00D_Single_Vertical"
"U1,U2,U3","3","TL074","Package_SO:TSSOP-14_4.4x5mm_P0.65mm"
"U4","1","LM13700","Package_SO:SOIC-16_3.9x9.9mm_P1.27mm"
